feature,r2
mc-chi-0-all,0.11904557754709143
D_mc-chi-1-all,0.0839522608813184
D_mc-chi-3-all,0.06273832749690801
D_mc-S-1-all,0.05858982376424072
mc-S-0-all,0.05308063176907179
mc-chi-2-all,0.05187888661832985
D_lc-S-2-all,0.04697554048154722
mc-S-1-all,0.046036465234794946
D_mc-T-1-all,0.04048549583986226
D_lc-Z-2-all,0.040205453839675616
mc-I-1-all,0.039951620352921616
mc-T-0-all,0.03639788311433441
CalcMORSE-208_1,0.03433456806420022
D_mc-Z-1-all,0.03415109358725067
node11252,0.03389953950436185
node11250,0.033740043458019064
CalcMORSE-195_1,0.0336040613141813
D_lc-chi-2-all,0.03359199632464851
CalcMORSE-209_1,0.0332642894782266
node250,0.03234166314660814
node21250,0.03226328061752834
node21252,0.032153978840185636
node150,0.031967320848329865
node1100,0.03167227757470072
node253,0.03151643390123111
node1103,0.03150444137649489
node153,0.031201207702527427
lc-chi-0-all,0.031053036805094438
node2100,0.030560499117795577
node2103,0.03032742619068832
SMR_VSA_-2_1,0.02958864470587237
CalcMORSE-215_1,0.029434633201205936
D_lc-T-3-all,0.029327525946126483
CalcMORSE-195_0,0.029114824076689177
mc-S-3-all,0.029081860756638173
mc-T-3-all,0.02881587658402054
node252,0.02855747631622141
node152,0.028411531145421498
CalcMORSE-209_0,0.028048169047054868
CalcMORSE-208_0,0.027461387205753366
CalcMORSE-219_1,0.027455420741215146
node1150,0.026880694408826938
node1153,0.026869911688225508
SMR_VSA_-2_0,0.02671554362146031
CalcMORSE-223_1,0.0266950671779052
mc-T-1-all,0.026628645085474537
metal_3p_energy,0.026453155628165054
metal_3d_energy,0.026429158060909237
CalcMORSE-201_0,0.02636371659124997
MQNs_-8_1,0.026085196804518724
mc-Z-3-all,0.02572519203680099
CalcMORSE-123_1,0.025574966445785843
PEOE_VSA_-1_1,0.02552242807174461
CalcMORSE-201_1,0.025447240989697785
metal_3s_energy,0.025298157297853476
metal_4s_energy,0.025176212884510128
CalcNumAromaticHeterocycles_1,0.024859677093907177
mc-Z-0-all,0.02484350888508131
CalcMORSE-214_1,0.02476971102878949
CalcMORSE-99_1,0.02473744654148136
D_lc-S-3-all,0.02445285757339996
CalcMORSE-187_1,0.024426139756180628
PEOE_VSA_-7_1,0.02440903140974708
metal_4p_energy,0.02393646778896661
CalcNumAromaticCarbocycles_1,0.023881127541865103
CalcMORSE-163_1,0.023696754952145297
metal_2p_energy,0.023626192055371212
metal_2s_energy,0.022852757751658844
CalcWHIM-52_0,0.022818469916719104
CalcMORSE-27_1,0.022742499925603146
CalcMORSE-99_0,0.02268888582499707
CalcMORSE-59_1,0.022622495657190177
node1102,0.02259867784986338
CalcMORSE-163_0,0.02255958636327511
CalcMORSE-223_0,0.022467994908392182
CalcNumHeterocycles_1,0.02244176123205018
CalcMORSE-219_0,0.02225639124344411
node2102,0.022248674337313926
lc-I-1-all,0.02192628982365444
node11251,0.021802568633178875
node2153,0.02170417314839129
metal_1s_energy,0.021615698254110215
CalcMORSE-123_0,0.021427285537099
node2150,0.021222309603777433
lc-I-2-all,0.021041082084784245
node21251,0.021019510022118815
node1200,0.020744610506016246
lc-chi-1-all,0.0207287329669407
PEOE_VSA_-1_0,0.02068754744968225
CalcWHIM-52_1,0.020673685958914074
node1203,0.02039831728606236
CalcMORSE-187_0,0.020315125175649724
CalcMORSE-59_0,0.020313062299301847
CalcMORSE-3_1,0.020307736158045552
CalcRDF-183_1,0.0201590467536932
GetUSRCAT-36_1,0.02007048369546582
GetUSRCAT-23_1,0.02002751859636785
MQNs_-8_0,0.019690398144580918
lc-T-1-all,0.01943106074300431
CalcMORSE-215_0,0.01940717517733895
GetUSRCAT-1_1,0.019362878245936195
GetUSR-1_1,0.019362878245936195
CalcMORSE-27_0,0.019311306746192858
metal_4d_energy,0.019088553210632263
CalcMORSE-3_0,0.01896579500033287
BCUT2D-4_1,0.018887633416735893
CalcMORSE-91_1,0.01876383844172845
GetUSRCAT-39_1,0.018691796265834105
GetUSRCAT-42_1,0.01862114686361008
D_lc-alpha-3-all,0.01854188561640256
lc-T-2-all,0.01852021565347222
linker21252,0.018510531504918867
D_lc-alpha-2-all,0.018329270733922275
lc-S-1-all,0.018326141840754376
GetUSRCAT-5_1,0.01827433341533335
GetUSR-5_1,0.01827433341533335
CalcMORSE-214_0,0.017867686028483244
linker21250,0.017809813881235197
CalcRadiusOfGyration_1,0.017782533641369697
CalcMORSE-159_1,0.01777083797246865
CalcMORSE-35_0,0.017680018063638874
CalcMORSE-95_1,0.01766662307879114
BCUT2D-4_0,0.017604331246722445
CalcMORSE-35_1,0.017428621295753895
CalcWHIM-30_0,0.017332561462042415
CalcMORSE-31_1,0.01729290047514087
CalcWHIM-30_1,0.01715139640989462
linker11252,0.017142054817836788
D_mc-T-3-all,0.016984157547436655
GetUSR-4_1,0.01695504653462835
GetUSRCAT-4_1,0.01695504653462835
D_mc-chi-2-all,0.01677855643464401
CalcMORSE-127_1,0.016762264531940733
node11253,0.016759369942982768
CalcMORSE-91_0,0.016681829583026792
node2101,0.016675504354715102
CalcMORSE-154_1,0.016559547732826422
metal_5s_energy,0.01655443767142996
CalcMORSE-183_1,0.016490540046597394
node1101,0.016464671610316055
GetUSRCAT-36_0,0.016413698016727454
mc-T-2-all,0.01632286477831357
GetUSRCAT-6_1,0.016279424313079834
GetUSR-6_1,0.016279424313079834
node21253,0.01625522584020798
CalcMORSE-203_1,0.016061626425389563
CalcMORSE-119_1,0.015943698965356738
GetUSRCAT-45_1,0.015938759563763946
lc-T-0-all,0.01569800199784435
CalcMORSE-63_1,0.015628752346656415
CalcMORSE-142_1,0.015603823961824595
CalcMORSE-90_1,0.015584723137037605
PEOE_VSA_-7_0,0.015515650695231057
node154,0.015509882758955571
GetUSRCAT-9_1,0.015326688820719523
GetUSR-9_1,0.015326688820719523
CalcMORSE-154_0,0.015210513455798122
CalcMORSE-141_0,0.015173603695790515
CalcRDF-183_0,0.015067219628172968
node254,0.01500566767700999
GetUSRCAT-39_0,0.01494648874033632
GetUSRCAT-7_1,0.014903830149889266
GetUSR-7_1,0.014903830149889266
CalcMORSE-67_1,0.014881399525960353
node1503,0.014868459587201753
CalcNumHeterocycles_0,0.014837441112854823
CalcMORSE-77_0,0.014826794410460165
CalcMORSE-23_1,0.014815312309002517
CalcMORSE-191_1,0.01478596041057682
CalcMORSE-206_0,0.014686633727159329
CalcMORSE-90_0,0.014568938644513217
CalcMORSE-31_0,0.01453919633464618
CalcMORSE-95_0,0.01444626963085093
CalcMORSE-127_0,0.01437241088913837
CalcMORSE-132_1,0.014274133414445644
CalcMORSE-202_1,0.01423138224829348
GetUSRCAT-3_1,0.014125000141826119
GetUSR-3_1,0.014125000141826119
node2453,0.01411559601953483
node2503,0.014073002431206731
CalcMORSE-159_0,0.014070366505731128
node1453,0.01405013652312174
CalcMORSE-206_1,0.014039925281929114
CalcMORSE-141_1,0.014009364784817648
CalcMORSE-133_1,0.01399307657995879
CalcMORSE-213_1,0.01388150549238822
CalcMORSE-67_0,0.013862313724752011
node1250,0.013837056502028523
CalcMORSE-203_0,0.0137944969276368
GetUSR-10_1,0.013787930100418863
GetUSRCAT-10_1,0.013787930100418863
GetUSRCAT-43_1,0.013772940233865525
CalcWHIM-66_1,0.013728304035132383
CalcMORSE-77_1,0.01369330810753033
mc-Z-1-all,0.013687418283635344
CalcMORSE-75_1,0.01364950839488086
node2203,0.013649128261308405
CalcMORSE-78_1,0.013629399491971058
node2450,0.01361014063276552
GetUSR-0_1,0.013526737264247364
GetUSRCAT-0_1,0.013526737264247364
GetUSRCAT-5_0,0.013515801252823966
GetUSR-5_0,0.013515801252823966
node1450,0.013485834255144572
CalcMORSE-202_0,0.01345561097545494
linker21251,0.013391771062227668
CalcMORSE-68_1,0.013357555054531919
node1104,0.013330730507039222
CalcMORSE-26_1,0.01332691011967193
node2250,0.013311441335539673
node1253,0.013296536498911883
CalcMORSE-46_1,0.013152192536029342
node2200,0.01315170619009494
CalcMORSE-139_1,0.013084896396891522
linker11250,0.013075502077909503
CalcWHIM-33_1,0.013068873722736497
CalcMORSE-217_1,0.013050840591466899
linker11251,0.01303144841034793
CalcWHIM-11_1,0.013030237791315867
CalcMORSE-13_0,0.01297328683867556
CalcMORSE-63_0,0.0129702015284491
CalcMORSE-26_0,0.012899213997074463
CalcMORSE-142_0,0.012891830753089478
node2253,0.012885851872213385
CalcMORSE-191_0,0.012875423812511418
CalcMORSE-36_1,0.012851027802915133
node21848,0.012792863216996006
CalcMORSE-55_1,0.01276848444954112
node1500,0.012728678991160959
CalcMORSE-11_1,0.012677574627324068
linker11101,0.012658135170637654
GetUSRCAT-1_0,0.012536140877436909
GetUSR-1_0,0.012536140877436909
CalcMORSE-155_1,0.012493097672873144
node2104,0.012453609796519738
CalcMORSE-145_1,0.012430316495885111
CalcWHIM-83_1,0.012386087125053118
CalcRadiusOfGyration_0,0.012374402687046409
CalcMORSE-107_1,0.012330765797990582
GetUSRCAT-2_1,0.01228162110655382
GetUSR-2_1,0.01228162110655382
CalcMORSE-155_0,0.012242662343450686
GetUSRCAT-20_1,0.012144549017813835
GetUSRCAT-21_1,0.012136590612633374
CalcNumAromaticHeterocycles_0,0.01212495873942408
oxygen_count,0.012074136598207325
GetUSRCAT-43_0,0.01206858745560185
node20,0.012066167698834698
node10,0.01204346709718658
node1152,0.01204089814920866
CalcMORSE-14_1,0.012031070010242463
D_mc-T-2-all,0.012020624957951743
node2500,0.012019392360274597
CalcMORSE-147_1,0.01199957776975817
D_mc-Z-3-all,0.011967218919576326
CalcMORSE-87_1,0.011886340523932708
CalcMORSE-13_1,0.011876884632555876
CalcWHIM-55_1,0.011863183946554915
CalcMORSE-4_1,0.011779512640277962
GetUSR-2_0,0.011720850609728892
GetUSRCAT-2_0,0.011720850609728892
node23,0.011708915450071184
D_lc-T-2-all,0.011697162603611205
node13,0.011650307848783046
CalcMORSE-109_0,0.011625015446450265
CalcMORSE-121_1,0.011624195460299443
MQNs_-19_1,0.011615345760584336
BCUT2D-7_1,0.011586989817467416
CalcMORSE-185_1,0.011573790853615743
GetUSRCAT-42_0,0.011564855021084116
CalcMORSE-75_0,0.011533008096097754
lc-alpha-1-all,0.011526287188111634
metal_5p_energy,0.011511128559619705
CalcMORSE-78_0,0.011460942264420305
CalcWHIM-80_1,0.011458419241384701
CalcMORSE-139_0,0.01138238359195426
node11848,0.011357940561434203
CalcWHIM-78_1,0.01134195695247302
CalcWHIM-0_1,0.011337820540915063
CalcWHIM-8_1,0.011295883398259833
CalcFractionCSP3_0,0.011279481382317023
BCUT2D-2_1,0.011264992996486506
CalcMORSE-69_1,0.0112430347724299
CalcCrippenDescriptors-0_1,0.01124209268848249
GetUSRCAT-19_1,0.011228377889326301
CalcMORSE-41_1,0.011218385470938052
CalcMORSE-129_1,0.011210790439594819
MQNs_-26_0,0.011205182675738768
GetUSRCAT-22_1,0.011171005367805688
CalcMORSE-81_1,0.011092748146941918
CalcMORSE-186_0,0.011058394731869254
CalcMORSE-33_1,0.011046805078484634
CalcMORSE-147_0,0.011041960074509782
CalcMORSE-186_1,0.011032204306851295
CalcMORSE-100_1,0.010999550719016458
CalcMORSE-193_1,0.010969769381552426
SlogP_VSA_-4_1,0.010933751567102133
CalcMORSE-132_0,0.010914504158934649
CalcMORSE-109_1,0.01089222542667655
linker21201,0.010883571602134528
CalcMORSE-46_0,0.010825291661511525
CalcMORSE-122_0,0.010807183960931412
CalcMORSE-205_0,0.010725643973664366
CalcMORSE-174_1,0.010718300528975095
CalcMORSE-171_1,0.010715963154651778
GetUSR-4_0,0.010673552037240191
GetUSRCAT-4_0,0.010673552037240191
CalcMORSE-122_1,0.010664297706713401
mc-S-2-all,0.010644077882189226
CalcWHIM-82_1,0.010635094140265856
GetUSR-6_0,0.01062032814037228
GetUSRCAT-6_0,0.01062032814037228
GetUSRCAT-30_1,0.01061153999194911
CalcMORSE-11_0,0.010609648562047838
CalcMORSE-110_1,0.010587240371164132
CalcMORSE-210_1,0.010560684005337431
CalcMORSE-65_1,0.010536649588098418
GetUSRCAT-9_0,0.010519303730378406
GetUSR-9_0,0.010519303730378406
node251,0.010508776398795095
CalcMORSE-45_0,0.010489532759744739
CalcMORSE-112_1,0.01045179087507596
node151,0.010448839878178524
CalcRDF-188_1,0.010442344746697009
GetUSRCAT-33_1,0.01043434413570088
CalcCrippenDescriptors-0_0,0.010417905783421878
GetUSRCAT-44_1,0.010387479080443435
GetUSRCAT-46_1,0.010315419959268286
node1151,0.01030937367087066
CalcNumAromaticCarbocycles_0,0.010307994605142529
CalcMORSE-173_0,0.010291605110699978
CalcMORSE-105_1,0.010276075616160665
CalcMORSE-14_0,0.01027494506009788
CalcMORSE-207_1,0.01011584473644024
CalcMORSE-107_0,0.010098877564865605
CalcWHIM-77_1,0.010076966482894077
BCUT2D-3_1,0.010037996277707418
CalcMORSE-194_0,0.01002256429661188
GetUSRCAT-18_1,0.01000823711548002
CalcMORSE-68_0,0.010000228163503882
CalcMORSE-205_1,0.00998152727986639
GetUSRCAT-15_1,0.00996913655281414
CalcMORSE-43_1,0.009968885126170437
CalcTPSA_1,0.009924320733835887
GetUSR-7_0,0.009922781977144787
GetUSRCAT-7_0,0.009922781977144787
CalcMORSE-196_1,0.0099125173846715
CalcWHIM-22_1,0.009908362855467532
CalcMORSE-194_1,0.009886758055224302
node2151,0.009880333361130226
MQNs_-0_1,0.00986462610870182
CalcFractionCSP3_1,0.009837535149540538
CalcMORSE-25_1,0.009825807403652442
mc-Z-2-all,0.009808552511657465
CalcMORSE-83_1,0.00979518350502204
CalcMORSE-164_1,0.009782648618255979
lc-alpha-2-all,0.009774554097103415
CalcMORSE-57_1,0.009767082426149345
node2152,0.009758646551802093
CalcMORSE-41_0,0.009741466150621558
lc-S-0-all,0.009723765977030304
MQNs_-7_0,0.00964236436370402
CalcHallKierAlpha_1,0.00962770799739303
D_mc-S-3-all,0.009605608646346133
GetUSRCAT-46_0,0.009574882682452284
BCUT2D-7_0,0.00956779733935845
CalcMORSE-193_0,0.009472784919879709
node21638,0.009459363025460304
CalcMORSE-135_1,0.009433729288416718
CalcRDF-181_1,0.009384400578339266
CalcMORSE-217_0,0.009378443036155804
BCUT2D-6_1,0.009317216775907109
linker21777,0.00931571017572536
GetUSRCAT-45_0,0.009302823061621852
CalcMORSE-174_0,0.009298832778646121
node1303,0.009278903161637445
CalcMORSE-83_0,0.009276416441302993
CalcMORSE-173_1,0.00927569745630535
CalcRDF-152_0,0.00927524200636646
CalcMORSE-218_0,0.009196650264288309
CalcMORSE-45_1,0.009192858018046556
linker11528,0.009189256335991448
CalcMORSE-110_0,0.009188534935433269
GetUSR-3_0,0.009150392674492771
GetUSRCAT-3_0,0.009150392674492771
CalcMORSE-97_1,0.009116441064180565
linker21502,0.009076213587261642
node11638,0.009018439657915643
CalcMORSE-1_1,0.009014154925772386
CalcRDF-2_0,0.00898879326289466
CalcMORSE-169_1,0.008959835274345003
GetUSR-10_0,0.008954913832819962
GetUSRCAT-10_0,0.008954913832819962
BCUT2D-2_0,0.008950053311851334
CalcMORSE-105_0,0.008923608095291566
node2154,0.008922026783575352
CalcMORSE-183_0,0.008921668187037305
linker21101,0.008902547571058825
D_lc-Z-3-all,0.008898575950565864
CalcMORSE-9_1,0.008892997420548967
node2303,0.008891757500934964
CalcMORSE-171_0,0.00882302544075722
CalcRDF-123_1,0.008822582089127597
CalcMORSE-151_1,0.008813088664421381
CalcRDF-193_1,0.008809365310572855
CalcRDF-33_1,0.008785280972874975
GetUSR-0_0,0.008771313462246294
GetUSRCAT-0_0,0.008771313462246294
CalcWHIM-79_1,0.008761994206049757
node1154,0.00875675747650845
linker21501,0.008720129659811391
CalcMORSE-175_1,0.008710467101924201
CalcMORSE-36_0,0.008695997393325838
CalcMORSE-43_0,0.008685542586563136
CalcMORSE-131_0,0.008684949894530688
CalcRDF-63_1,0.008682736350523091
CalcRDF-192_1,0.008668428745841778
CalcRDF-93_1,0.008661973831868565
CalcMORSE-119_0,0.008643549101245254
CalcNumHBD_1,0.008604601729296823
CalcMORSE-148_1,0.008529246779505806
mc-chi-3-all,0.008507558899969589
CalcMORSE-4_0,0.00850261649398086
node1504,0.008486430767071701
CalcMORSE-145_0,0.008481125188273788
CalcRDF-3_1,0.008441654728396216
CalcMORSE-16_1,0.00842159168697444
CalcExactMolWt_1,0.008406921908246288
_CalcMolWt_1,0.008406319240477177
CalcKappa1_1,0.008405765337851789
CalcMORSE-218_1,0.008398341750072527
node1300,0.008380376524481092
CalcMORSE-196_0,0.008361877454393433
CalcMORSE-131_1,0.00834664751031117
PEOE_VSA_-6_1,0.008318441693281465
CalcMORSE-58_0,0.00830918501479888
SMR_VSA_-4_0,0.008294527993347425
MQNs_-22_1,0.008280293635664033
CalcMORSE-17_1,0.008266279251005442
CalcMORSE-129_0,0.008254567694775252
CalcMORSE-47_1,0.008253728402837682
MQNs_-11_1,0.008221405048211708
CalcNumHeavyAtoms_1,0.008221405048211708
CalcWHIM-8_0,0.008211318951215385
CalcMORSE-73_1,0.008197922095089382
linker11502,0.008167467485805449
CalcMORSE-84_1,0.00811953901507904
linker11501,0.008117537898190289
node2300,0.008078036518644438
CalcWHIM-63_1,0.008077757637053913
CalcMORSE-133_0,0.00802733316188777
CalcRDF-191_1,0.007998195123474326
GetUSRCAT-12_1,0.007992270476657017
metal_6s_energy,0.007954688090859129
CalcMORSE-71_1,0.007947778901965222
CalcMORSE-111_1,0.007929362289832152
CalcMORSE-23_0,0.007914734777292242
CalcRDF-92_0,0.007904661555847698
node12,0.007885855982383456
CalcHallKierAlpha_0,0.007869661212329382
CalcWHIM-44_1,0.007869164734490333
CalcMORSE-156_1,0.007828556151955816
CalcWHIM-92_1,0.007797027078921533
node1201,0.007794751800385828
BCUT2D-3_0,0.007789618291281666
node2504,0.007782422424337184
CalcWHIM-66_0,0.007714889790565112
CalcMORSE-20_1,0.007714693943845455
CalcLabuteASA_1,0.007681923338971311
node1202,0.007671382650116308
CalcMORSE-176_1,0.007665995710801549
CalcMORSE-169_0,0.007650961641869741
CalcMORSE-65_0,0.007649126488139375
CalcMORSE-89_1,0.007642807619824516
CalcMORSE-100_0,0.0076399828445809885
CalcRDF-153_1,0.007624936409676432
CalcMORSE-33_0,0.0075790455151485536
CalcMORSE-9_0,0.007546093433882672
MQNs_-9_1,0.007490837099160072
CalcNumHBD_0,0.007466487004704027
CalcWHIM-83_0,0.007449809483028359
CalcMORSE-19_0,0.007428001746125914
CalcMORSE-19_1,0.0074231832028095555
CalcMORSE-140_1,0.007403104067427527
CalcMORSE-81_0,0.007391441105803725
CalcWHIM-40_0,0.0073674029278632605
CalcRDF-62_0,0.00735457342291887
BCUT2D-6_0,0.007335422639861598
CalcRDF-121_1,0.007320606285599668
CalcWHIM-91_1,0.007277008119143175
MQNs_-25_1,0.00727372702120567
CalcMORSE-58_1,0.007267969750461585
linker11777,0.007262934939986786
CalcMORSE-121_0,0.007255822620118706
MQNs_-22_0,0.007223552288621075
CalcMORSE-137_1,0.0072199586576936
CalcMORSE-5_1,0.0072181102888789804
func-S-0-all,0.0071778375751744014
CalcMORSE-180_1,0.007168567206062942
CalcRDF-31_1,0.007159939387960772
CalcRDF-98_1,0.007153337961829802
CalcRDF-188_0,0.007116285168144195
CalcMORSE-52_1,0.00711143057175034
CalcWHIM-33_0,0.007105505673727612
CalcWHIM-11_0,0.007103512494791567
f-lig-Z-0,0.007100271084270394
CalcMORSE-116_1,0.007076541051017623
CalcWHIM-18_0,0.007076176417800543
CalcWHIM-81_1,0.007052479420234117
CalcMORSE-98_1,0.0070444074879409315
CalcMORSE-207_0,0.007039796261400939
CalcMORSE-185_0,0.0070322673292904595
CalcChi0v_1,0.007029978054106819
CalcMORSE-55_0,0.007029909407044251
node22,0.007027017340448975
CalcMORSE-80_1,0.006978300577109479
CalcMORSE-15_1,0.006915901798030996
CalcMORSE-112_0,0.006894991143698213
MQNs_-0_0,0.006885069845518275
SMR_VSA_-9_1,0.006881679552524418
MQNs_-12_1,0.006876641905630939
CalcMORSE-113_1,0.006874966148507112
SMR_VSA_-0_1,0.006862820202229322
CalcMORSE-73_0,0.006862037311485823
CalcChi1v_1,0.006857110262412832
SlogP_VSA_-4_0,0.006825631774767041
CalcWHIM-80_0,0.006811795673409995
lc-alpha-0-all,0.006767805663592155
CalcWHIM-78_0,0.006766368935755445
CalcRDF-38_1,0.006766043503839999
CalcChi0n_1,0.006764946978270742
CalcMORSE-164_0,0.006753903846037403
CalcWHIM-62_0,0.00673965960456986
CalcRDF-152_1,0.006733268881920107
CalcWHIM-92_0,0.0067312210975929215
CalcMORSE-39_1,0.006726378813356007
CalcWHIM-73_1,0.006712373448580298
CalcRDF-181_0,0.006696312894595244
CalcMORSE-57_0,0.006671872757832164
PEOE_VSA_-6_0,0.006660787522804269
CalcWHIM-73_0,0.00664149895829684
CalcMORSE-134_1,0.006624226477599645
CalcMORSE-170_1,0.006605159464431459
CalcMORSE-69_0,0.006601714978170487
node2201,0.006594164841439402
node11351,0.006588342092318204
node21351,0.006579501634057543
GetUSRCAT-23_0,0.00657672123140871
CalcWHIM-38_1,0.006569326311939778
CalcMORSE-70_1,0.006551045582975864
CalcMORSE-2_1,0.006545636776700923
CalcWHIM-49_1,0.006535357428923218
lc-Z-2-all,0.006529816974213523
CalcRDF-8_1,0.006508011280578688
func-I-0-all,0.0065036502207936496
CalcMORSE-135_0,0.006470261252955942
CalcWHIM-40_1,0.00646717911442726
CalcWHIM-18_1,0.006460727758209095
CalcWHIM-27_1,0.00645947661618265
CalcMORSE-161_1,0.0064294841926618804
f-chi-2-all,0.006417595365875423
CalcWHIM-16_1,0.006394317408151296
CalcMORSE-7_1,0.006367365238136254
CalcWHIM-60_1,0.006366868487878872
CalcWHIM-62_1,0.006358417416630882
CalcMORSE-162_1,0.006354253705241897
CalcMORSE-66_1,0.006352066944272838
f-lig-S-0,0.006347751683893517
linker21652,0.006346223558346159
f-lig-Z-1,0.006345668032679113
CalcRDF-61_1,0.006339056774870215
CalcRDF-2_1,0.006309054989098112
CalcMORSE-170_0,0.006301964937949111
CalcRDF-158_1,0.006299405333153787
CalcMORSE-130_1,0.006294501912824802
CalcWHIM-5_1,0.006271596547235101
lc-Z-3-all,0.0062654993419751035
CalcWHIM-55_0,0.0062325022483280075
f-lig-Z-2,0.006224486631345121
f-T-1-all,0.0062122085322459
CalcMORSE-25_0,0.0062045986657846925
linker21700,0.006198791478563343
linker21703,0.00619625934720085
PEOE_VSA_-2_1,0.006187885926743802
CalcMORSE-1_0,0.006183501100271474
CalcWHIM-82_0,0.00614370287400678
CalcCrippenDescriptors-1_1,0.006132087731803391
CalcMORSE-97_0,0.0061300359324613024
CalcWHIM-7_0,0.0061210785396519935
CalcWHIM-7_1,0.006118466374750373
CalcWHIM-91_0,0.00611603771621545
node1454,0.00610643336509052
CalcMORSE-106_1,0.006105682929189282
CalcChi1n_1,0.00609742151284002
lc-S-2-all,0.00609694865219871
node2403,0.006091901073993691
node21838,0.006091794046808793
node2454,0.006088543578914458
CalcMORSE-179_0,0.0060784022765566015
CalcMORSE-87_0,0.006070486896231965
CalcRDF-191_0,0.006068338086003484
CalcMORSE-48_1,0.006038851089693903
func-S-3-all,0.006003174244115487
MQNs_-26_1,0.005996632492177203
linker11652,0.005989927363230596
CalcMORSE-156_0,0.005975196981816132
SMR_VSA_-4_1,0.005962189891973978
CalcMORSE-106_0,0.005944442869896198
CalcMORSE-153_1,0.005938533018383329
CalcNumAtomStereoCenters_1,0.005935797708830136
SMR_VSA_-6_1,0.005929864450102347
CalcChi2n_1,0.005928666030964537
node12041,0.005916874356093945
CalcMORSE-137_0,0.005900488364776137
PEOE_VSA_-13_1,0.0058978890196147125
CalcRDF-193_0,0.005897862630293409
MQNs_-13_1,0.005889038424238389
node11838,0.005882474914513804
MQNs_-21_1,0.005866138492373838
CalcNumLipinskiHBD_1,0.005866138492373838
linker11201,0.0058612421463277815
CalcRDF-68_1,0.005860441817891625
linker11700,0.005848526145909123
linker11703,0.005845756892893196
CalcWHIM-51_0,0.005824203175397574
node1403,0.005799023597702362
CalcWHIM-0_0,0.005786295229790252
CalcMORSE-150_1,0.005780787999936018
linker11702,0.005774473777187219
node11588,0.005764250531231076
CalcMORSE-179_1,0.005697231177356362
CalcWHIM-77_0,0.005680378750766811
CalcWHIM-71_1,0.005642274105348882
GetUSRCAT-19_0,0.0056340273763782695
CalcWHIM-29_0,0.005617569513194977
CalcMORSE-92_1,0.00560946798189514
node22041,0.005589299867954254
CalcWHIM-51_1,0.00555691396144666
CalcMORSE-210_0,0.0055507389198485154
linker21651,0.005525890636086046
MQNs_-28_1,0.005522652831553544
CalcWHIM-29_1,0.005508630964267362
CalcNumLipinskiHBD_0,0.00550746604566805
MQNs_-21_0,0.00550746604566805
D_mc-S-2-all,0.005488414316876493
CalcMORSE-213_0,0.005484831564990598
CalcMORSE-115_0,0.005480902548665782
f-T-0-all,0.005477234774143622
PEOE_VSA_-9_0,0.0054452182920057095
f-S-1-all,0.005439666962754409
CalcMORSE-86_1,0.005406121554235972
MQNs_-34_0,0.005406009117147538
CalcRDF-92_1,0.005394433645917985
node1354,0.005387407202660723
CalcMORSE-98_0,0.005352291715442004
CalcMORSE-49_1,0.005325723568727483
CalcMORSE-17_0,0.005324701464977154
MQNs_-19_0,0.005322171438532554
f-lig-S-1,0.0053191116056449895
CalcMORSE-177_1,0.005306380581199989
CalcMORSE-134_0,0.005269917176728516
CalcMORSE-152_0,0.0052427168155825665
CalcRDF-1_1,0.005238150831382784
node2354,0.005236299146865348
CalcMORSE-6_1,0.00523183246747457
CalcWHIM-50_1,0.0052275317429463465
SMR_VSA_-6_0,0.005224280598434547
GetUSRCAT-33_0,0.005223416614271888
f-lig-Z-3,0.005215553314041363
linker21702,0.005208993403889291
CalcMORSE-71_0,0.005206393021241054
CalcMORSE-16_0,0.005190136505806185
CalcChi2v_1,0.005142405937534512
node2202,0.005125575838904689
linker11651,0.005108139800154376
PEOE_VSA_-2_0,0.005093199207425379
CalcRDF-32_0,0.005086532600899018
GetUSRCAT-30_0,0.005072381896599408
f-lig-chi-0,0.005071333911335785
CalcMORSE-115_1,0.005070332763254699
CalcMORSE-89_0,0.005068516469037969
CalcMORSE-2_0,0.005058516475095909
CalcMORSE-167_1,0.005047455740639686
GetUSRCAT-40_1,0.0050387688124718735
GetUSRCAT-20_0,0.005019972657811731
CalcMORSE-103_1,0.005019399408142662
CalcNumAtomStereoCenters_0,0.005017811024047065
MQNs_-11_0,0.005016586805159315
CalcNumHeavyAtoms_0,0.005016586805159315
GetUSRCAT-22_0,0.005016144539539369
node1552,0.00501169913473606
CalcMORSE-162_0,0.004974588150775156
CalcKappa1_0,0.0049632256464762665
node2204,0.004944836671234038
CalcWHIM-67_1,0.004932874578804582
CalcRDF-62_1,0.0049274624139670035
PEOE_VSA_-5_1,0.004915233600057289
node11696,0.004890039684692831
CalcMORSE-66_0,0.004886225493543409
GetUSRCAT-21_0,0.004874095034833436
CalcRDF-101_1,0.004873067721031221
CalcExactMolWt_0,0.004864226099067142
_CalcMolWt_0,0.004863472225891739
CalcRDF-122_0,0.00485588858721078
CalcWHIM-49_0,0.004849952087064129
CalcRDF-192_0,0.004847164514379149
CalcMORSE-70_0,0.004843116508022641
lc-chi-2-all,0.004838202218127354
PEOE_VSA_-13_0,0.004812289524772007
CalcMORSE-34_1,0.00481178233117383
node1505,0.004784876051725512
node21797,0.004781260796904223
CalcMORSE-102_1,0.004775242651136753
CalcWHIM-27_0,0.004766621512438511
CalcWHIM-17_1,0.004750456735880706
CalcMORSE-176_0,0.004749713166750225
MQNs_-13_0,0.0047435637907159356
D_mc-Z-2-all,0.004731997874825844
linker11701,0.0047082883342919185
CalcWHIM-22_0,0.0047077892148376065
CalcMORSE-76_1,0.0047038487066727724
CalcRDF-71_1,0.004701495277606845
CalcMORSE-51_0,0.004694815169528299
CalcMORSE-38_1,0.004691050911702837
CalcWHIM-79_0,0.004690452554467452
node11797,0.004674708875233402
node2505,0.004666112282865309
CalcRDF-91_1,0.004657560257126716
CalcRDF-128_1,0.0046482097382811284
CalcMORSE-152_1,0.004644538113249044
CalcRDF-11_1,0.00464005726459216
node2400,0.004625301293133491
linker11650,0.004621586538635845
CalcMORSE-175_0,0.004615380098779044
f-I-2-all,0.004613221898987454
CalcLabuteASA_0,0.004608678144717976
linker11552,0.00460116775409397
node11749,0.004600789500736325
linker11653,0.004591451939561603
CalcRDF-123_0,0.0045729030423623755
CalcMORSE-79_1,0.004558122002887119
CalcMORSE-200_0,0.00455156602686558
node24,0.00454480584257131
CalcMORSE-130_0,0.004542916998663665
f-lig-S-2,0.004542468630408371
CalcWHIM-38_0,0.0045419792593339725
CalcWHIM-63_0,0.004536955170365521
MQNs_-34_1,0.004531483650751358
D_func-chi-1-all,0.004523155083695029
node1204,0.004518819407380468
CalcNumAtoms_1,0.004511873206761572
CalcMORSE-140_0,0.004500174526172448
node11200,0.004483100105668125
func-I-3-all,0.004457841832829717
node21696,0.0044569108035003874
CalcWHIM-5_0,0.00444431998740203
CalcRDF-63_0,0.0044295541592533644
CalcMORSE-198_1,0.004419305803902736
CalcChi3n_1,0.004419020712696604
CalcRDF-196_1,0.004387242267718426
CalcMORSE-113_0,0.004383545716693771
GetUSRCAT-18_0,0.004373319960672339
node1400,0.004369611681975955
CalcMORSE-37_1,0.004369474252879068
CalcMORSE-51_1,0.004367401949693698
CalcMORSE-165_1,0.004354250802100796
CalcMORSE-48_0,0.004337606691530078
node21639,0.004332901893697258
GetUSRCAT-57_1,0.0043310567035564585
CalcWHIM-16_0,0.0043086457395224605
GetUSRCAT-44_0,0.004305099650350875
CalcMORSE-5_0,0.004303368535678556
CalcMORSE-153_0,0.0043025498273911635
CalcWHIM-60_0,0.004297863525810506
CalcWHIM-34_1,0.004295334556766282
node14,0.004291529188436187
GetUSRCAT-52_1,0.004291402983761692
linker21528,0.0042612579425172405
node2552,0.004247948294349406
CalcMORSE-151_0,0.004241107296879002
CalcMORSE-200_1,0.004227961652171413
node21588,0.004223948623443364
CalcWHIM-12_1,0.004216876932738441
CalcRDF-131_1,0.004212506338619586
node1553,0.004202850764958044
node21847,0.004199555248761645
CalcWHIM-56_1,0.004187474430636458
CalcTPSA_0,0.004170298069646901
CalcMORSE-190_1,0.004161469284562065
CalcMORSE-136_0,0.004158076537336756
CalcRDF-196_0,0.0041523286334226245
CalcMORSE-80_0,0.004151705002972959
node1551,0.004149163103176979
CalcRDF-41_1,0.004146604748276028
nitrogen_count,0.0041454763500649
CalcMORSE-42_0,0.004140733163353338
linker21650,0.004136775279585139
node22398,0.0041327651454684386
CalcRDF-195_1,0.004123762799601166
CalcWHIM-28_1,0.004122316812196461
f-chi-0-all,0.004112631823290698
linker21653,0.004101474078444521
CalcRDF-161_1,0.0040989792331517245
node11639,0.0040950565864826954
CalcWHIM-61_1,0.004088888893250088
CalcWHIM-71_0,0.004076197822833674
f-Z-1-all,0.00407316192519399
CalcChi0v_0,0.004054864544905957
PEOE_VSA_-4_0,0.004052573785040731
MQNs_-30_1,0.004051131393844693
func-Z-3-all,0.004047874490383816
MQNs_-9_0,0.004033254525998414
CalcWHIM-39_1,0.004028835634581493
node2553,0.004026582038194601
linker11987,0.004022013593194198
CalcChi0n_0,0.004007924448093367
f-lig-S-3,0.00398752185358215
linker21727,0.003985885727459824
linker21202,0.003981957759489201
f-S-2-all,0.003972292025629296
CalcMORSE-161_0,0.003969317967070165
CalcMORSE-150_0,0.003966639325085134
CalcMORSE-212_1,0.00395155909875185
lc-Z-0-all,0.00394224490489568
CalcMORSE-111_0,0.0039305762570602054
CalcMORSE-92_0,0.00391447448899219
GetUSRCAT-15_0,0.003914281683714507
CalcRDF-3_0,0.003901764779395936
SMR_VSA_-0_0,0.003878319139406918
CalcMORSE-136_1,0.0038747244951212487
CalcWHIM-1_1,0.0038648413301970116
CalcMORSE-47_0,0.0038648136875891613
CalcChi1v_0,0.0038614643370028312
CalcMORSE-144_1,0.0038378758441716073
node21195,0.0038324485242456296
node11195,0.0038324485242456296
CalcRDF-151_1,0.0038304493898114883
CalcRDF-121_0,0.00382900862753807
CalcCrippenDescriptors-1_0,0.0038267847316378464
CalcMORSE-7_0,0.00382662672090201
linker21941,0.0038184031588868917
D_func-Z-3-all,0.0038060150670602877
node11847,0.0038059568127767557
node21749,0.003789161896946246
CalcMORSE-10_0,0.0037844079206122636
CalcNumHBA_0,0.0037685589919028866
node12398,0.00376545858113524
f-lig-I-0,0.0037579278814442833
SMR_VSA_-5_0,0.003755174318431868
CalcMORSE-22_1,0.0037422417452207413
f-T-2-all,0.00374156096387328
CalcRDF-103_1,0.0037233154669214182
node21101,0.003710937752232828
CalcRDF-98_0,0.003708042840254152
CalcWHIM-6_1,0.0036860324425018764
CalcMORSE-39_0,0.0036851971325296026
f-lig-I-1,0.0036823933837988702
SlogP_VSA_-7_0,0.003666705236865931
CalcMORSE-148_0,0.0036666967053435194
CalcMORSE-49_0,0.003658845627944269
CalcRDF-33_0,0.003656294812861985
CalcChi1n_0,0.003652978294533236
f-S-0-all,0.0036424787909237226
node11152,0.0036376490930204574
MQNs_-7_1,0.0036285756028619034
CalcMORSE-28_1,0.0036093952544403863
SubStructure-Keys-Fingerprint-54,0.003592967541548062
f-I-1-all,0.0035792681845898114
CalcRDF-93_0,0.003577725361210743
CalcMORSE-86_0,0.0035767635735301923
CalcRDF-32_1,0.003574989208626807
CalcMORSE-84_0,0.003568996028704634
node2252,0.00355772675248646
node1802,0.0035575884828492627
D_func-alpha-1-all,0.003554273465377804
node21200,0.0035435102158913223
func-chi-3-all,0.003542216500889137
SlogP_VSA_-0_0,0.0035382318221215078
CalcMORSE-42_1,0.003536118950552409
CalcMORSE-88_0,0.003519839270927493
SlogP_VSA_-5_1,0.003510708981868
MQNs_-25_0,0.003504512327549107
node11203,0.0034916670839699347
CalcWHIM-81_0,0.0034739388909807763
func-alpha-3-all,0.0034677607204665474
CalcMORSE-10_1,0.00345373858587702
CalcRDF-8_0,0.0034515970201784833
MQNs_-6_1,0.0034502896431022195
f-lig-chi-1,0.0034489225368063443
CalcRDF-185_1,0.003445376297754642
MQNs_-35_0,0.003434773259818906
node21152,0.003431963715251138
CalcMORSE-72_0,0.0034250843511141687
GetUSRCAT-37_1,0.0034169688746681407
CalcChi2n_0,0.0034149512968053367
node1554,0.0034093185139385204
D_func-T-2-all,0.0033932169402541576
node1555,0.003392132586998253
node2555,0.0033895638237501206
CalcMORSE-72_1,0.0033810526274781635
node2554,0.0033744931715044943
CalcWHIM-67_0,0.0033711647101770863
CalcWHIM-23_1,0.003368725807053269
node11741,0.003363667989717097
CalcWHIM-44_0,0.003352693069636583
linker11986,0.0033411862314353287
node22097,0.0033409387489339187
mass,0.003339569113454497
CalcMORSE-20_0,0.0033386413066359122
CalcWHIM-72_1,0.0033383511812123227
node2802,0.0033240128724100035
func-Z-2-all,0.0033224348180087362
node1252,0.0033183126971204854
CalcMORSE-190_0,0.003313606010785388
node21798,0.0033109198184063174
CalcMORSE-6_0,0.003309487194574135
CalcRDF-38_0,0.0033064531475910422
CalcMORSE-166_1,0.00330154443664234
CalcMORSE-192_1,0.003298865008832929
CalcMORSE-118_1,0.0032930456314139156
CalcRDF-13_1,0.003292067992968513
GetUSRCAT-55_1,0.0032828098428908893
CalcMORSE-30_1,0.0032769159769537076
CalcMORSE-158_0,0.0032766366635565082
node11101,0.003264177436607786
node11300,0.0032466967651921404
CalcRDF-163_1,0.0032418523108340824
SlogP_VSA_-5_0,0.0032297407879755295
node11144,0.0032259588855371437
node21144,0.0032259588855371437
CalcMORSE-34_0,0.003219074269056802
GetUSRCAT-12_0,0.00319855241320948
GetUSRCAT-32_1,0.0031924839811231153
CalcRDF-68_0,0.00318702377960216
CalcRDF-43_1,0.0031756248879265896
GetUSRCAT-58_1,0.0031715458692983495
CalcRDF-61_0,0.003165182371993515
CalcRDF-158_0,0.003153938524982689
CalcNumHeteroatoms_1,0.0031531529640247903
CalcMORSE-177_0,0.003146187855022026
node12097,0.003138850134682486
CalcMORSE-180_0,0.00313785767639408
node2551,0.003125701605859615
node2801,0.003124779604485372
linker11727,0.0031228622131306
CalcMORSE-158_1,0.0031213808425186937
SMR_VSA_-8_0,0.0031108262419628943
MQNs_-20_1,0.0031061097644108997
CalcNumLipinskiHBA_1,0.0031061097644108997
CalcRDF-153_0,0.003098098862256334
CalcMORSE-101_1,0.003086423152147411
PEOE_VSA_-8_1,0.003081496467363046
PEOE_VSA_-5_0,0.0030787185710411443
f-Z-0-all,0.003073445260277729
CalcRDF-122_1,0.003064144168953211
GetUSRCAT-57_0,0.0030596105420649215
node11798,0.003052556834261641
linker11551,0.0030355910911560448
CalcMORSE-15_0,0.003032028077068655
D_lc-T-1-all,0.0030280938517233415
func-alpha-0-all,0.003018833886553649
SMR_VSA_-5_1,0.00300827466218727
CalcWHIM-34_0,0.003007585781921833
CalcMORSE-94_1,0.0030016859419064804
CalcRDF-71_0,0.0029974423584584768
f-lig-T-0,0.0029967817506881115
CalcWHIM-12_0,0.0029946575014988008
linker21052,0.0029925674156650968
node2646,0.002991486208200766
node1646,0.002991486208200766
node21300,0.0029874620224794434
MQNs_-27_1,0.002971049753098764
CalcMORSE-88_1,0.002971007425204619
CalcRDF-73_1,0.0029595121708253136
linker11102,0.0029592737454789343
CalcChi4n_1,0.0029557373861140894
CalcNumSaturatedHeterocycles_1,0.0029539785280969675
MQNs_-35_1,0.0029456219824756024
CalcRDF-101_0,0.0029421403680623686
node1801,0.002942098227538368
CalcRDF-31_0,0.002941277709587089
node22249,0.002938558008743674
GetUSRCAT-52_0,0.002925668770620616
SMR_VSA_-1_1,0.002922691585467321
PEOE_VSA_-0_0,0.002916325599430759
CalcNumAliphaticHeterocycles_0,0.002913522948880382
SMR_VSA_-3_0,0.002910988120165231
CalcMORSE-116_0,0.0029032226433116375
CalcMORSE-198_0,0.0029008513915693545
CalcMORSE-94_0,0.0028995559095430366
CalcRDF-11_0,0.0028960799699329957
CalcWHIM-56_0,0.0028864419527713787
CalcPMI2_1,0.002883322734719658
node21799,0.0028827251076831563
node11799,0.0028827216186416062
CalcMORSE-165_0,0.0028825408613163297
f-I-3-all,0.0028794592722561196
func-Z-1-all,0.002870148838959753
GetUSRCAT-51_1,0.0028521200014520096
CalcMORSE-30_0,0.0028446014559897455